musteri_id,yas,cinsiyet,aylik_gelir,aylik_harcama,hesap_bakiye,kredi_skoru,urun_sayisi,kredi_karti_var,bireysel_kredi_var,tercih_edilen_kanal,aylik_islem_sayisi,sehir,musteri_olma_tarihi,memnuniyet_puani
M3034,58,Erkek,23230.0,20462,130319.0,838.0,4,Evet,Evet,ATM,25,Ankara,2016-08-31,4.1
M4027,64,Kadın,12037.0,9302,29942.0,767.0,3,Evet,Hayır,Şube,10,İzmir,2013-12-30,1.7
M2063,47,Erkek,14670.0,5372,21677.0,664.0,3,Evet,Evet,Mobil,34,İzmir,2020-09-17,3.4
M1010,27,Erkek,7677.0,7106,10658.0,590.0,1,Hayır,Hayır,Mobil,21,İstanbul,2022-01-27,3.8
M3064,47,Erkek,34517.0,24166,94756.0,788.0,4,Evet,Evet,Mobil,27,İzmir,2011-05-27,4.3
M3057,68,Kadın,42145.0,24845,172230.0,821.0,3,Evet,Evet,Şube,17,İstanbul,2017-04-27,4.3
M3027,51,Kadın,53872.0,25733,90726.0,800.0,4,Evet,Evet,Şube,16,Bursa,2010-07-17,3.4
M2020,49,Erkek,16245.0,15498,43526.0,709.0,3,Evet,Evet,Mobil,21,Bursa,2020-07-24,4.4
M1006,20,Kadın,9788.0,7632,4378.0,542.0,1,Hayır,Hayır,Mobil,42,İstanbul,2023-06-17,3.6
M3006,70,Kadın,50536.0,16382,156037.0,841.0,6,Evet,Evet,Şube,18,İstanbul,2010-02-21,4.3
M3068,64,Erkek,32226.0,23466,128582.0,698.0,5,Evet,Evet,ATM,25,İstanbul,2010-06-12,5.0
M1058,19,Erkek,6872.0,1147,3930.0,594.0,1,Evet,Hayır,Mobil,45,Antalya,2023-12-16,4.4
M3049,62,Erkek,45107.0,25152,117108.0,814.0,5,Evet,Hayır,Şube,12,İstanbul,2015-07-22,3.8
M1046,23,Erkek,9001.0,5033,5297.0,625.0,2,Evet,Hayır,Mobil,35,Ankara,2022-06-26,2.7
M3013,52,Kadın,29425.0,16250,224293.0,771.0,6,Evet,Hayır,Şube,22,İstanbul,2014-05-31,4.5
M3052,50,Erkek,47567.0,23062,99165.0,770.0,3,Evet,Hayır,Şube,26,İstanbul,2010-02-11,3.5
M4050,72,Erkek,16104.0,3246,1188.0,696.0,1,Evet,Hayır,Şube,20,Ankara,2007-02-06,2.1
M3042,70,Erkek,42917.0,17875,204624.0,808.0,6,Evet,Hayır,ATM,14,Antalya,2011-10-10,5.0
M2059,37,Kadın,17577.0,11446,28406.0,569.0,2,Evet,Evet,ATM,28,İstanbul,2020-06-10,2.1
M2076,37,Erkek,14160.0,14925,42054.0,587.0,4,Evet,Hayır,Mobil,24,Antalya,2018-12-20,3.7
M1079,27,Erkek,7297.0,8161,6671.0,537.0,2,Evet,Hayır,,50,İzmir,2022-12-12,3.4
M2024,34,Kadın,12532.0,11325,17448.0,589.0,4,Evet,Hayır,Mobil,25,İstanbul,2019-01-15,1.7
M4010,70,Erkek,15095.0,7018,102117.0,670.0,3,Evet,Hayır,Şube,16,Ankara,2010-05-17,2.9
M4011,64,Erkek,8393.0,4406,89523.0,705.0,1,Evet,Hayır,ATM,3,Ankara,2012-04-23,3.5
M2015,36,Kadın,12257.0,6260,49645.0,735.0,5,Evet,Evet,Şube,17,İstanbul,2018-05-06,3.9
M1043,20,Erkek,8587.0,5766,5779.0,502.0,2,Evet,Hayır,Mobil,40,İstanbul,2023-04-19,2.5
M4042,70,Kadın,6671.0,6595,87577.0,782.0,2,Hayır,Hayır,Şube,12,Ankara,2011-01-18,3.1
M4056,72,Erkek,9499.0,6011,90429.0,678.0,1,Evet,Hayır,Mobil,8,Ankara,2014-02-10,2.1
M2068,33,Erkek,18111.0,13254,8490.0,607.0,3,Evet,Evet,Mobil,26,Ankara,2019-11-24,4.2
M3069,51,Erkek,32690.0,23789,184275.0,853.0,6,Evet,Evet,Mobil,20,İzmir,2011-11-16,4.8
M1018,18,Erkek,6100.0,5604,4666.0,475.0,1,Evet,Hayır,ATM,31,İstanbul,2022-08-04,4.6
M2075,38,Erkek,21812.0,13539,45876.0,705.0,4,Evet,Hayır,Şube,39,Antalya,2020-06-14,4.0
M1034,25,Erkek,6481.0,6725,6025.0,692.0,1,Evet,Hayır,Mobil,29,Bursa,2023-09-25,4.9
M1025,24,Kadın,8688.0,7889,6823.0,641.0,2,Evet,Hayır,Internet,58,İzmir,2022-05-31,4.1
M3046,55,Kadın,36104.0,25259,111843.0,789.0,3,Evet,Hayır,Şube,27,İstanbul,2015-06-02,5.0
M2030,41,Erkek,17852.0,8954,35614.0,721.0,4,Evet,Evet,Mobil,23,Ankara,2020-03-14,3.6
M1008,30,Erkek,7560.0,7035,9433.0,548.0,1,Evet,Evet,Mobil,55,Antalya,2022-05-17,4.0
M2001,39,Erkek,17897.0,15518,43154.0,661.0,3,Evet,Evet,Internet,27,Bursa,2019-01-12,2.7
M1047,18,Kadın,9277.0,4007,4801.0,507.0,2,Evet,Hayır,Mobil,57,İstanbul,2023-05-13,3.5
M1074,18,Erkek,10841.0,5643,2502.0,608.0,2,Evet,Evet,Mobil,63,İstanbul,2023-10-03,4.9
M2004,31,Erkek,13050.0,13887,37864.0,635.0,4,Evet,Evet,Şube,30,İstanbul,2020-02-01,3.8
M1077,26,Erkek,8635.0,5555,5584.0,570.0,3,Evet,Hayır,Mobil,38,Bursa,2022-01-01,4.2
M4047,61,Erkek,12156.0,5736,41429.0,718.0,1,Hayır,Hayır,Şube,8,Antalya,2009-05-15,2.6
M1061,21,Erkek,7082.0,8132,8555.0,539.0,1,Hayır,Evet,ATM,40,Ankara,2023-12-21,4.0
M1078,19,Kadın,7548.0,6505,7453.0,490.0,3,Evet,Evet,Internet,62,İstanbul,2023-07-10,3.9
M1064,19,Kadın,5992.0,7265,4525.0,628.0,1,Evet,Evet,Mobil,40,İzmir,2022-06-29,3.9
M3065,69,Erkek,41354.0,11657,276478.0,,5,Evet,Hayır,Mobil,12,İstanbul,2014-06-07,3.9
M3060,52,Erkek,25850.0,13500,192553.0,840.0,4,Evet,Hayır,Şube,20,İstanbul,2017-11-13,4.1
M2022,43,Kadın,20903.0,10623,10153.0,742.0,3,Evet,Evet,Mobil,43,İzmir,2019-03-11,3.4
M3062,53,Kadın,40165.0,18239,255291.0,,5,Evet,Hayır,Internet,18,Ankara,2013-04-30,4.3
M3011,62,Erkek,38298.0,13429,204359.0,787.0,5,Evet,Hayır,Internet,20,İstanbul,2015-04-09,4.3
M2055,48,Kadın,,10062,21339.0,684.0,3,Evet,Evet,Internet,17,İstanbul,2020-12-21,4.0
M3070,55,Erkek,27670.0,14984,155997.0,763.0,5,Evet,Evet,Şube,28,Ankara,2012-10-20,5.0
M1076,30,Kadın,8086.0,8045,5454.0,631.0,2,Evet,Hayır,Internet,58,İstanbul,2022-04-25,3.8
M4058,72,Erkek,16167.0,6216,50171.0,703.0,1,Evet,Hayır,Şube,10,Bursa,2013-02-12,3.0
M4039,78,Erkek,17966.0,5501,47266.0,732.0,1,Hayır,Hayır,ATM,15,Ankara,2008-03-10,2.0
M2008,36,Kadın,21499.0,5529,50953.0,792.0,3,Evet,Hayır,Mobil,40,Ankara,2020-03-02,4.0
M2003,37,Kadın,14646.0,13561,47706.0,741.0,3,Evet,Hayır,Internet,27,İstanbul,2019-01-29,3.8
M3023,61,Kadın,46336.0,20439,30436.0,777.0,4,Evet,Hayır,Şube,19,İstanbul,2015-08-21,4.4
M1026,30,Erkek,8561.0,5565,4375.0,550.0,2,Evet,Hayır,Mobil,49,İzmir,2023-10-03,3.4
M3063,52,Erkek,59041.0,28129,260939.0,773.0,4,Evet,Evet,Şube,21,İstanbul,2012-03-24,3.7
M1060,25,Kadın,8469.0,6879,9939.0,519.0,1,Evet,Hayır,Mobil,24,Antalya,2023-08-20,4.9
M1007,25,Erkek,4000.0,8104,2198.0,627.0,1,Evet,Hayır,Mobil,28,Antalya,2022-12-14,3.6
M3016,57,Kadın,31960.0,23730,95727.0,808.0,4,Evet,Hayır,Şube,25,İstanbul,2013-06-09,4.0
M3004,52,Kadın,31303.0,25627,90529.0,845.0,5,Evet,Hayır,Şube,16,İstanbul,2014-02-15,4.1
M1031,26,Kadın,10653.0,5068,0.0,558.0,2,Evet,Hayır,Mobil,38,Ankara,2023-06-25,2.9
M1023,24,Kadın,11310.0,5805,5259.0,544.0,1,Evet,Hayır,Mobil,41,Bursa,2022-05-08,3.4
M4017,70,Erkek,9925.0,6567,104699.0,672.0,1,Evet,Evet,Internet,19,,2006-04-27,4.2
M1057,24,Kadın,8027.0,6463,5594.0,571.0,1,Evet,Evet,Mobil,36,İzmir,2022-11-27,3.9
M3017,67,Kadın,38108.0,24608,143622.0,840.0,5,Evet,Hayır,Internet,25,İstanbul,2010-07-27,4.0
M2019,43,Erkek,15271.0,8476,11953.0,620.0,3,Evet,Hayır,Mobil,33,Ankara,2020-04-07,3.1
M2037,48,Erkek,17971.0,15937,51738.0,647.0,4,Evet,Evet,Internet,26,Ankara,2018-05-10,2.9
M3061,54,Kadın,38832.0,16822,236942.0,767.0,5,Evet,Hayır,ATM,22,İzmir,2017-11-29,3.2
M3024,63,Kadın,62898.0,29637,61082.0,753.0,5,Evet,Hayır,Şube,21,Ankara,2014-12-31,4.3
M2040,35,Kadın,18399.0,12437,28035.0,662.0,3,Hayır,Evet,Mobil,37,Bursa,2019-06-26,3.0
M4043,78,Kadın,8135.0,5439,84365.0,692.0,2,Evet,Hayır,Şube,9,İstanbul,2006-11-05,2.6
M1083,20,Kadın,9027.0,6114,9914.0,670.0,1,Evet,Evet,Mobil,29,Ankara,2022-11-13,4.5
M1085,29,Kadın,7992.0,4762,9510.0,632.0,2,Evet,Hayır,Mobil,42,İstanbul,2022-02-27,3.4
M1067,22,Erkek,7384.0,5511,6991.0,640.0,2,Evet,Hayır,Internet,60,İzmir,2023-04-11,4.2
M4049,60,Kadın,13019.0,5423,84791.0,703.0,1,Evet,Hayır,Şube,10,İstanbul,2011-10-02,3.2
M2074,42,Erkek,13907.0,9616,18465.0,637.0,2,Hayır,Evet,Şube,47,İzmir,2021-04-11,3.8
M2065,44,Erkek,18639.0,8916,53985.0,636.0,4,Evet,Hayır,Internet,20,İstanbul,2021-02-25,4.1
M1020,29,Kadın,8136.0,5885,10668.0,,1,Evet,Hayır,Internet,40,İstanbul,2022-08-10,4.2
M2035,46,Erkek,21307.0,14393,51895.0,719.0,4,Evet,Evet,Mobil,42,Antalya,2018-11-14,2.6
M1080,23,Kadın,,7065,9696.0,576.0,2,Evet,Evet,ATM,27,İstanbul,2023-08-04,2.5
M2025,39,Kadın,19830.0,8419,49028.0,655.0,4,Evet,Evet,Mobil,18,İzmir,2019-12-31,3.0
M2029,37,Erkek,20428.0,15933,16211.0,654.0,2,Evet,Hayır,Şube,25,Bursa,2021-03-12,3.5
M1073,28,Erkek,7047.0,7395,4615.0,549.0,1,Hayır,Hayır,Internet,30,Ankara,2023-03-13,4.1
M1016,20,Kadın,6264.0,6718,890.0,533.0,1,Hayır,Hayır,Şube,59,Ankara,2023-02-26,4.1
M1011,18,Kadın,7116.0,6373,8711.0,494.0,2,Evet,Hayır,Internet,35,İstanbul,2022-06-26,3.9
M3025,46,Kadın,50599.0,23085,184178.0,725.0,5,Evet,Hayır,Mobil,17,Ankara,2012-04-19,4.3
M2012,39,Kadın,14709.0,11548,28075.0,737.0,3,Evet,Evet,Şube,50,Antalya,2020-08-02,3.8
M1069,27,Kadın,5451.0,8621,2432.0,744.0,3,Evet,Hayır,Mobil,61,Ankara,2023-04-29,4.0
M3055,55,Kadın,35623.0,25293,160102.0,806.0,3,Evet,Hayır,Mobil,29,İzmir,2013-04-23,4.4
M1038,22,Kadın,6070.0,7529,,474.0,1,Evet,Hayır,Mobil,63,İstanbul,2023-03-31,3.8
M1017,18,Erkek,6073.0,7965,5125.0,571.0,1,Hayır,Hayır,ATM,43,Bursa,2023-12-05,4.2
M3010,66,Erkek,43300.0,23099,95545.0,773.0,6,Evet,Evet,Şube,16,İstanbul,2016-06-14,4.3
M2058,37,Kadın,23728.0,11185,56023.0,735.0,2,Evet,Hayır,ATM,22,Ankara,2021-12-07,
M4035,71,Kadın,5923.0,6213,68774.0,712.0,2,Hayır,Hayır,Şube,15,Ankara,2009-02-13,2.7
M1068,25,Erkek,4946.0,6413,7455.0,588.0,1,Evet,Evet,ATM,58,Antalya,2022-08-21,3.8
M3059,58,Erkek,43430.0,21542,116685.0,772.0,4,Evet,Hayır,Şube,9,İzmir,2012-08-10,4.0
M1070,30,Kadın,8534.0,7834,5246.0,643.0,3,Evet,Hayır,Mobil,38,Ankara,2023-04-04,4.6
M1032,25,Erkek,10542.0,7656,6478.0,585.0,1,Evet,Hayır,Mobil,45,Bursa,2022-02-23,4.4
M3014,55,Erkek,35100.0,22343,219382.0,782.0,4,Evet,Hayır,ATM,19,Ankara,2013-11-07,4.5
M4026,71,Erkek,15585.0,5717,78136.0,775.0,2,Hayır,Hayır,Şube,14,Ankara,2013-01-20,3.6
M3056,52,Kadın,59870.0,17345,133243.0,793.0,3,Evet,Hayır,Şube,22,Bursa,2014-04-14,4.4
M2051,30,Erkek,16432.0,9232,59230.0,663.0,4,Evet,Evet,Şube,33,İzmir,2018-07-04,3.5
M1019,27,Kadın,10166.0,8080,866.0,523.0,2,Evet,Hayır,ATM,51,İzmir,2023-04-20,5.0
M3012,53,Erkek,24018.0,22310,251215.0,725.0,3,Evet,Hayır,Internet,22,İzmir,2011-04-18,4.2
M2007,42,Erkek,19209.0,9643,48522.0,673.0,4,Evet,Hayır,Internet,37,İstanbul,2020-07-09,2.6
M2043,38,Erkek,15570.0,16887,38958.0,650.0,3,Hayır,Evet,Internet,41,Ankara,2020-06-13,3.6
M4023,76,Kadın,11636.0,5055,29899.0,696.0,1,Evet,Hayır,Şube,9,Ankara,2006-12-13,1.9
M1087,25,Kadın,6841.0,8133,5343.0,637.0,2,Evet,Hayır,Mobil,40,İstanbul,2022-06-30,3.9
M4009,76,Erkek,13921.0,5223,47193.0,682.0,2,Hayır,Hayır,,8,İstanbul,2010-02-13,3.6
M4006,64,Erkek,12446.0,3980,,813.0,1,Evet,Hayır,Şube,9,Ankara,2005-07-03,3.6
M2027,30,Kadın,26629.0,10182,46131.0,694.0,4,Evet,Evet,Internet,33,Ankara,2020-09-20,3.0
M2057,41,Erkek,21900.0,13503,37843.0,730.0,3,Evet,Evet,Internet,34,,2019-10-10,4.5
M4053,79,Erkek,14875.0,5077,86872.0,768.0,3,Evet,Hayır,Şube,11,Ankara,2006-10-22,3.4
M3028,54,Erkek,55135.0,16933,117862.0,848.0,4,Evet,Evet,Internet,9,İstanbul,2015-04-02,4.1
M3037,56,Erkek,69490.0,26223,82446.0,727.0,6,Evet,Evet,ATM,19,İstanbul,2014-01-16,4.4
M1056,23,Erkek,10077.0,5452,2279.0,536.0,1,Evet,Hayır,Mobil,58,Ankara,2022-05-15,3.9
M3003,58,Kadın,42199.0,13369,231080.0,755.0,4,Evet,Hayır,Şube,23,İstanbul,2013-02-26,4.6
M3015,47,Erkek,42475.0,20752,,803.0,4,Evet,Evet,,28,İstanbul,2011-07-14,3.6
M2078,38,Erkek,23924.0,10564,43970.0,637.0,4,Evet,Hayır,Internet,33,Ankara,2018-12-09,5.0
M2050,38,Kadın,25231.0,13052,30445.0,582.0,4,Evet,Evet,Internet,26,İstanbul,2020-11-05,4.2
M4014,69,Erkek,16522.0,3961,119240.0,666.0,2,Hayır,Hayır,Şube,10,İzmir,2011-11-17,2.9
M1039,20,Kadın,7610.0,8629,6382.0,615.0,1,Evet,Hayır,Mobil,49,İstanbul,2023-01-28,3.0
M2036,34,Kadın,16335.0,8457,49707.0,667.0,3,Evet,Evet,Mobil,28,Ankara,2020-05-25,3.6
M3026,55,Erkek,46763.0,19313,200453.0,772.0,5,Evet,Evet,Mobil,27,İstanbul,2011-08-23,3.6
M4044,74,Kadın,15090.0,4499,55132.0,692.0,2,Evet,Evet,Şube,10,İstanbul,2007-08-01,3.2
M2048,42,Kadın,16660.0,10789,20673.0,701.0,3,Evet,Evet,ATM,30,Bursa,2019-09-02,4.5
M2023,48,Erkek,14920.0,10318,49058.0,756.0,4,Evet,Evet,Mobil,33,Antalya,2020-11-23,2.8
M2079,50,Kadın,22240.0,20278,40886.0,654.0,3,Evet,Evet,Mobil,25,İzmir,2019-04-09,3.6
M2028,42,Erkek,21172.0,15683,33154.0,684.0,2,Evet,Evet,Internet,21,Ankara,2021-04-27,2.3
M4038,77,Erkek,9499.0,4457,46467.0,703.0,2,Evet,Evet,Şube,13,Ankara,2008-06-15,3.4
M4032,62,Kadın,,3510,103424.0,691.0,2,Hayır,Evet,Şube,14,Ankara,2009-12-01,3.8
M2066,41,Kadın,19154.0,12780,32985.0,720.0,3,Evet,Evet,Şube,38,Ankara,2018-09-01,4.3
M3007,65,Erkek,31533.0,23656,197785.0,856.0,5,Evet,Hayır,ATM,23,İzmir,2014-11-05,5.0
M3009,53,Erkek,47683.0,27239,93142.0,742.0,6,Evet,Hayır,Internet,26,Antalya,2012-09-12,4.5
M1003,24,Kadın,10268.0,6342,3424.0,694.0,1,Hayır,Hayır,Mobil,54,İzmir,2023-09-01,3.1
M2026,50,Erkek,16226.0,9345,32405.0,,3,Evet,Evet,Şube,24,İzmir,2019-10-01,4.2
M2054,43,Erkek,17802.0,11091,40823.0,645.0,5,Evet,Hayır,Şube,30,Ankara,2020-07-06,3.6
M3008,68,Erkek,23990.0,15857,144837.0,714.0,5,Evet,Evet,ATM,20,Bursa,2010-08-09,4.3
M2031,47,Kadın,16064.0,11005,38157.0,,4,Evet,Hayır,ATM,36,Ankara,2021-05-14,2.9
M3041,47,Kadın,31317.0,22673,18212.0,780.0,6,Evet,Hayır,Internet,14,İstanbul,2011-02-22,
M4021,78,Erkek,14283.0,3281,95495.0,763.0,2,Evet,Hayır,Şube,15,İstanbul,2005-10-24,2.3
M2038,49,Erkek,20470.0,14094,21393.0,732.0,2,Evet,Evet,Mobil,36,Bursa,2018-10-24,4.1
M1075,20,Erkek,6790.0,6453,6520.0,567.0,2,Evet,Evet,Mobil,42,Ankara,2023-12-04,3.9
M1030,26,Kadın,6355.0,6865,5734.0,549.0,1,Evet,Hayır,Mobil,27,Antalya,2023-11-23,3.0
M1084,30,Erkek,,5922,5985.0,575.0,2,Evet,Hayır,ATM,48,İzmir,2022-04-17,4.1
M4030,62,Erkek,15510.0,5201,82387.0,744.0,2,Evet,Hayır,Şube,3,İstanbul,2005-12-13,4.4
M2018,45,Erkek,8657.0,10502,23700.0,719.0,4,Evet,Evet,Şube,32,Ankara,2018-08-21,4.2
M3054,46,Kadın,26459.0,17234,185182.0,786.0,6,Evet,Hayır,Internet,26,İzmir,2014-09-29,4.5
M2069,35,Kadın,11841.0,7541,42934.0,578.0,2,Evet,Evet,Şube,28,İstanbul,2019-01-14,4.4
M4041,69,Kadın,9975.0,4395,139746.0,682.0,1,Evet,Hayır,ATM,4,Ankara,2005-06-26,2.8
M4007,79,Erkek,7485.0,5188,80898.0,728.0,1,Hayır,Hayır,Şube,8,İstanbul,2010-07-28,3.5
M3053,58,Kadın,29682.0,25566,151756.0,735.0,3,Evet,Hayır,Şube,16,Ankara,2015-11-11,4.1
M1066,21,Erkek,13120.0,6355,8447.0,537.0,1,Evet,Hayır,Mobil,37,İstanbul,2023-08-21,4.9
M3029,66,Erkek,28140.0,21724,238285.0,754.0,5,Evet,Hayır,Şube,14,Ankara,2013-08-09,4.9
M1086,23,Erkek,9838.0,7328,5305.0,563.0,3,Evet,Hayır,Internet,62,İstanbul,2023-11-14,4.7
M3044,65,Erkek,31029.0,16634,148668.0,756.0,4,Evet,Hayır,Şube,19,Ankara,2017-11-28,4.4
M2070,48,Erkek,26133.0,12256,44523.0,654.0,3,Evet,Hayır,ATM,32,İstanbul,2021-02-16,3.2
M1013,20,Erkek,8856.0,2795,6445.0,635.0,2,Evet,Hayır,Internet,37,Bursa,2023-01-13,3.5
M1036,22,Erkek,8518.0,6953,9548.0,598.0,3,Evet,Evet,Mobil,28,İzmir,2023-03-28,4.1
M1029,20,Erkek,10247.0,9714,3972.0,594.0,3,Hayır,Hayır,Mobil,48,İzmir,2023-12-09,4.8
M2053,38,Kadın,13151.0,14502,39090.0,,3,Evet,Evet,Internet,31,Ankara,2021-11-27,4.3
M4045,80,Erkek,12525.0,2994,67645.0,725.0,3,Hayır,Hayır,Internet,9,İstanbul,2010-03-08,3.1
M4015,76,Erkek,11410.0,6423,105570.0,719.0,2,Evet,Hayır,Şube,12,İzmir,2008-05-27,3.9
M3001,57,Erkek,46032.0,19151,112539.0,793.0,3,Evet,Hayır,Şube,14,İstanbul,2016-12-31,
M1052,23,Erkek,6441.0,3205,5165.0,730.0,2,Evet,Hayır,Internet,45,Ankara,2023-06-07,3.7
M2006,44,Kadın,22422.0,15561,44580.0,622.0,3,Evet,Evet,Şube,29,Antalya,2021-02-16,3.7
M3039,67,Erkek,29629.0,23719,155605.0,849.0,4,Evet,Evet,Internet,18,İstanbul,2010-11-04,4.4
M4008,72,Erkek,7441.0,1000,66465.0,744.0,1,Hayır,Hayır,Şube,2,Bursa,2006-03-10,2.9
M1042,25,Erkek,4969.0,8550,9934.0,565.0,1,Evet,Hayır,Şube,81,İstanbul,2022-11-23,4.5
M1090,21,Kadın,7654.0,7825,6956.0,,3,Evet,Hayır,Internet,37,İzmir,2023-10-26,4.0
M4005,64,Erkek,12129.0,4615,136892.0,729.0,2,Evet,Hayır,Internet,13,İstanbul,2005-10-04,2.6
M2047,39,Erkek,23082.0,9878,20849.0,623.0,4,Evet,Hayır,Internet,46,İstanbul,2020-06-14,2.2
M1027,21,Erkek,8101.0,7241,10034.0,467.0,2,Evet,Evet,Mobil,57,Ankara,2022-06-24,3.9
M4054,61,Erkek,10484.0,6910,140354.0,658.0,2,Evet,Hayır,Şube,13,İzmir,2010-10-15,3.8
M2052,45,Erkek,14307.0,13511,48017.0,661.0,3,Evet,Evet,Şube,41,Bursa,2018-12-06,3.1
M3031,45,Erkek,24688.0,22571,178602.0,777.0,4,Evet,Evet,Şube,19,İstanbul,2015-12-26,4.1
M1001,24,Kadın,9087.0,5576,1406.0,708.0,1,Evet,Hayır,Mobil,39,İzmir,2023-11-17,3.9
M4029,73,Erkek,12606.0,4638,77784.0,755.0,2,Evet,Hayır,Şube,5,Antalya,2005-02-19,2.3
M4033,72,Kadın,11111.0,4639,156640.0,691.0,2,Evet,Evet,Şube,14,İstanbul,2011-05-17,5.0
M2011,32,Kadın,19016.0,10561,39743.0,676.0,4,Evet,Evet,ATM,25,İstanbul,2021-03-04,3.9
M4020,63,Erkek,11765.0,4866,89412.0,774.0,1,Hayır,Hayır,ATM,4,Ankara,2006-03-22,2.2
M4016,68,Erkek,10619.0,3571,78824.0,717.0,2,Hayır,Hayır,Şube,6,İstanbul,2014-04-07,2.4
M3002,49,Kadın,29446.0,25292,160165.0,768.0,5,Evet,Evet,ATM,3,Ankara,2011-09-02,4.2
M2009,37,Kadın,16183.0,11940,17648.0,603.0,3,Evet,Evet,Şube,35,İzmir,2021-10-27,3.9
M1037,29,Erkek,7996.0,5860,8826.0,574.0,1,Evet,Hayır,Mobil,49,Ankara,2022-11-03,4.6
M1062,24,Kadın,7272.0,6414,5923.0,477.0,2,Evet,Evet,Internet,45,İstanbul,2022-07-18,4.0
M2061,46,Kadın,16723.0,9611,51140.0,681.0,3,Evet,Hayır,Mobil,24,Ankara,2019-08-24,2.4
M3067,51,Kadın,54615.0,15639,251180.0,768.0,5,Evet,Hayır,Internet,17,İzmir,2010-12-27,5.0
M3033,45,Erkek,30838.0,15840,146641.0,751.0,5,Evet,Hayır,Mobil,22,Antalya,2014-05-09,4.4
M4003,64,Erkek,15320.0,4828,105187.0,,3,Evet,Hayır,Şube,7,Ankara,2012-04-17,2.9
M1012,23,Erkek,10810.0,8588,2358.0,584.0,2,Evet,Evet,Mobil,65,İstanbul,2023-01-09,4.3
M4057,68,Kadın,9579.0,2460,96791.0,,1,Hayır,Hayır,Şube,9,İstanbul,2011-09-18,3.5
M4028,60,Kadın,15912.0,7758,105261.0,683.0,1,Hayır,Hayır,Şube,7,İzmir,2014-01-08,3.1
M1028,24,Kadın,7184.0,6892,5036.0,635.0,2,Evet,Hayır,Mobil,41,Bursa,2023-11-25,3.4
M3050,57,Kadın,46140.0,22641,167494.0,778.0,5,Evet,Hayır,Internet,18,İstanbul,2013-04-27,3.5
M1005,26,Kadın,8946.0,7488,12022.0,644.0,3,Evet,Evet,Mobil,22,İstanbul,2022-01-11,
M2033,40,Kadın,20640.0,16305,37440.0,637.0,4,Evet,Evet,Internet,34,Antalya,2019-02-10,4.0
M1033,20,Kadın,6596.0,5049,9310.0,537.0,3,Hayır,Evet,Mobil,41,İstanbul,2023-04-18,3.4
M3035,52,Erkek,45383.0,20921,126047.0,709.0,3,Evet,Hayır,Mobil,24,İstanbul,2016-02-11,4.2
M2073,33,Erkek,,9824,38607.0,559.0,3,Evet,Hayır,ATM,39,Antalya,2020-04-17,3.3
M3040,48,Erkek,33306.0,14897,124580.0,753.0,4,Evet,Hayır,Şube,19,İzmir,2016-12-19,4.3
M4046,68,Erkek,12476.0,4449,109105.0,665.0,1,Evet,Hayır,Şube,17,Ankara,2005-03-23,2.4
M2049,50,Kadın,13750.0,13284,32192.0,729.0,2,Evet,Hayır,Internet,34,İstanbul,2020-12-03,3.7
M1063,28,Kadın,10693.0,6690,2721.0,579.0,1,Evet,Hayır,Mobil,39,İstanbul,2023-06-19,3.4
M2046,46,Erkek,17755.0,9792,36250.0,724.0,3,Evet,Hayır,Şube,40,Bursa,2018-10-25,3.1
M2039,49,Erkek,18563.0,6694,39847.0,,3,Evet,Hayır,Şube,34,Ankara,2019-12-07,3.1
M4051,78,Kadın,11449.0,2495,81403.0,,1,Hayır,Hayır,Şube,5,Ankara,2008-03-04,3.2
M1009,28,Erkek,7344.0,5207,4225.0,607.0,2,Evet,Hayır,Mobil,46,Ankara,2023-05-21,3.1
M1071,25,Erkek,6387.0,6198,5860.0,454.0,2,Evet,Hayır,Mobil,50,Ankara,2022-07-22,4.2
M4025,69,Kadın,13855.0,3025,55753.0,751.0,1,Evet,Hayır,ATM,8,Bursa,2008-04-26,1.5
M1065,22,Kadın,9648.0,6313,7244.0,670.0,3,Evet,Hayır,Mobil,23,Ankara,2022-04-29,3.7
M1045,18,Erkek,6765.0,4611,8566.0,577.0,1,Evet,Evet,Internet,47,Bursa,2022-01-04,4.3
M4040,75,Kadın,18814.0,4393,94742.0,745.0,1,Hayır,Hayır,ATM,11,Ankara,2014-05-10,1.2
M2067,34,Kadın,17382.0,13291,,696.0,2,Evet,Hayır,Internet,39,Ankara,2020-03-28,3.6
M1041,26,Erkek,5563.0,4759,4875.0,525.0,2,Evet,Evet,Mobil,47,Bursa,2023-01-27,3.3
M2034,32,Erkek,15677.0,13765,60048.0,699.0,4,Evet,Evet,Şube,28,Antalya,2018-02-21,3.5
M4036,68,Erkek,12654.0,3531,77358.0,735.0,1,Evet,Hayır,Şube,1,Ankara,2006-02-25,2.7
M3047,64,Erkek,50742.0,27630,113968.0,801.0,4,Evet,Hayır,ATM,23,Ankara,2017-02-09,4.9
M2064,31,Kadın,18222.0,19640,30481.0,664.0,4,Evet,Evet,Şube,32,Ankara,2018-05-04,4.8
M1024,27,Kadın,6901.0,8145,11339.0,550.0,1,Hayır,Hayır,Mobil,83,İzmir,2023-03-26,3.9
M4022,69,Erkek,8898.0,5018,66100.0,,2,Evet,Hayır,ATM,8,Ankara,2011-03-09,4.4
M2021,31,Erkek,,11099,25243.0,706.0,3,Evet,Evet,Internet,34,Ankara,2019-04-01,3.5
M1082,19,Erkek,8148.0,6155,7851.0,559.0,1,Hayır,Evet,Şube,53,Antalya,2023-07-10,4.2
M3038,51,Erkek,46378.0,18566,165413.0,693.0,5,Evet,Evet,Şube,18,İstanbul,2013-09-02,4.2
M3043,70,Erkek,52444.0,20660,168072.0,793.0,5,Evet,Hayır,Şube,22,Antalya,2013-09-23,4.1
M1040,24,Erkek,5797.0,7231,7242.0,562.0,1,Evet,Evet,Mobil,35,İstanbul,2022-03-30,3.5
M4001,76,Erkek,14973.0,6557,47350.0,662.0,1,Evet,Hayır,Şube,8,Bursa,2005-08-14,2.3
M4052,80,Erkek,9214.0,5851,55683.0,641.0,3,Evet,Evet,Şube,7,İstanbul,2012-02-21,3.3
M4019,66,Erkek,4000.0,4437,48843.0,646.0,2,Evet,Hayır,ATM,7,İstanbul,2007-09-06,3.6
M3030,60,Erkek,23522.0,20847,,739.0,5,Evet,Hayır,Mobil,23,İstanbul,2010-05-28,4.8
M1015,21,Kadın,9133.0,6253,4571.0,463.0,1,Hayır,Evet,Mobil,29,İstanbul,2023-06-28,3.8
M1048,18,Erkek,12779.0,5593,4360.0,589.0,3,Evet,Hayır,ATM,53,İzmir,2022-02-05,3.7
M2005,41,Kadın,15069.0,13516,43999.0,639.0,2,Evet,Hayır,Mobil,29,İstanbul,2021-04-28,3.5
M4024,74,Erkek,,6245,107011.0,740.0,1,Hayır,Hayır,Şube,12,Ankara,2007-10-05,4.6
M3058,64,Kadın,43319.0,23995,171439.0,766.0,6,Evet,Hayır,Şube,21,Ankara,2016-10-10,4.2
M4034,70,Erkek,17912.0,4970,54868.0,,2,Hayır,Hayır,Şube,6,İzmir,2009-08-29,4.3
M3032,69,Erkek,35632.0,11967,237479.0,835.0,5,Evet,Hayır,Mobil,21,İzmir,2010-02-10,4.1
M2072,50,Kadın,15285.0,12227,29575.0,778.0,2,Hayır,Hayır,Internet,31,Ankara,2019-03-18,3.3
M1044,19,Erkek,12748.0,8021,3678.0,674.0,1,Evet,Hayır,Internet,22,Bursa,2023-03-19,4.4
M3048,49,Erkek,32068.0,25304,232026.0,753.0,4,Evet,Evet,Şube,25,Ankara,2014-09-04,4.6
M2056,33,Erkek,13207.0,8180,53579.0,685.0,3,Evet,Evet,Şube,44,İstanbul,2018-11-18,4.1
M3021,67,Erkek,31695.0,22612,170919.0,836.0,6,Evet,Evet,Şube,26,İzmir,2010-10-27,3.7
M3051,47,Kadın,49800.0,21779,132225.0,836.0,4,Evet,Hayır,Şube,15,İzmir,2016-07-01,4.3
M4012,68,Erkek,5231.0,4005,45511.0,675.0,1,Evet,Evet,Şube,5,Antalya,2011-07-30,1.5
M1004,20,Kadın,9645.0,4668,5626.0,462.0,2,Evet,Hayır,Internet,53,İstanbul,2022-05-24,3.9
M2016,30,Kadın,11251.0,8240,52428.0,602.0,3,Evet,Hayır,Mobil,19,Ankara,2020-09-19,4.1
M1054,25,Kadın,6794.0,8452,3117.0,550.0,1,Evet,Hayır,Mobil,51,İstanbul,2023-06-28,3.0
M2044,43,Erkek,12934.0,11826,28274.0,780.0,3,Evet,Evet,Mobil,41,Ankara,2018-03-17,3.5
M1002,19,Erkek,6857.0,5113,0.0,637.0,1,Evet,Evet,Mobil,36,İzmir,2022-05-26,2.5
M2042,45,Kadın,17561.0,10187,48269.0,634.0,5,Evet,Hayır,Mobil,19,Bursa,2020-06-07,5.0
M2014,32,Kadın,27872.0,6323,26787.0,633.0,3,Evet,Hayır,Mobil,25,İstanbul,2019-02-05,3.6
M1050,20,Kadın,4000.0,8766,0.0,639.0,1,Evet,Evet,Mobil,17,İstanbul,2023-06-18,4.7
M1081,30,Erkek,8927.0,7366,3547.0,558.0,3,Hayır,Evet,Internet,22,İstanbul,2023-06-13,
M3036,58,Erkek,47372.0,19206,152124.0,739.0,5,Evet,Hayır,Şube,18,İzmir,2010-01-24,4.8
M1035,30,Erkek,10799.0,5828,6021.0,579.0,1,Evet,Hayır,Internet,36,İstanbul,2022-04-08,3.9
M2002,34,Erkek,24867.0,16612,13905.0,652.0,3,Evet,Evet,Internet,45,İstanbul,2019-10-19,3.1
M1053,28,Erkek,4442.0,8744,6963.0,576.0,1,Evet,Hayır,Internet,46,İzmir,2023-11-05,4.2
M4002,68,Erkek,8948.0,6411,60668.0,630.0,3,Evet,Evet,Internet,11,İstanbul,2006-10-09,3.8
M1014,18,Erkek,8519.0,7672,1289.0,500.0,2,Hayır,Hayır,Internet,36,İstanbul,2023-10-18,3.9
M1089,20,Kadın,7485.0,3997,6197.0,618.0,2,Evet,Hayır,Mobil,47,Ankara,2023-06-14,4.4
M2077,35,Erkek,17354.0,9871,20029.0,641.0,3,Evet,Hayır,Internet,27,Ankara,2018-11-27,3.9
M4055,79,Erkek,7233.0,7220,67610.0,755.0,1,Evet,Hayır,Şube,13,Antalya,2013-11-08,4.2
M2045,46,Erkek,15163.0,10468,52429.0,641.0,3,Evet,Hayır,ATM,27,Ankara,2021-12-09,3.9
M4048,74,Erkek,13508.0,4477,65118.0,746.0,1,Evet,Hayır,Şube,7,İzmir,2009-03-14,4.1
M4004,62,Erkek,,4611,90575.0,694.0,2,Evet,Hayır,Şube,4,İstanbul,2006-03-02,4.8
M1055,27,Kadın,9704.0,3018,4310.0,617.0,1,Evet,Hayır,Mobil,31,İstanbul,2022-12-30,3.7
M1051,27,Erkek,9018.0,8370,7897.0,,2,Evet,Hayır,Mobil,63,Antalya,2022-09-07,4.0
M3005,56,Erkek,29176.0,23942,158824.0,783.0,3,Evet,Evet,ATM,25,Antalya,2010-05-02,3.7
M3020,62,Kadın,34293.0,23671,119169.0,764.0,4,Hayır,Hayır,Internet,21,İstanbul,2013-01-16,5.0
M4059,68,Erkek,13264.0,5400,69826.0,736.0,3,Evet,Hayır,Internet,6,İstanbul,2008-03-02,3.2
M3018,48,Erkek,38910.0,25169,117352.0,828.0,6,Evet,Hayır,Mobil,22,İstanbul,2014-05-16,4.1
M2080,46,Kadın,16688.0,12465,47376.0,636.0,3,Evet,Evet,Mobil,26,Antalya,2021-07-26,4.1
M1059,19,Kadın,10444.0,3238,2688.0,542.0,2,Evet,Hayır,Internet,46,İzmir,2023-08-11,4.4
M1049,30,Erkek,6810.0,7382,4044.0,560.0,2,Evet,Hayır,Mobil,41,Antalya,2022-11-17,4.4
M3066,57,Erkek,48291.0,19863,117190.0,750.0,6,Evet,Hayır,Şube,19,İstanbul,2014-10-09,3.6
M4013,65,Kadın,10809.0,4601,80084.0,791.0,2,Evet,Hayır,Şube,9,Antalya,2010-08-04,3.4
M1022,20,Kadın,7111.0,3996,2684.0,679.0,1,Evet,Evet,Mobil,56,İstanbul,2023-11-29,4.6
M2071,32,Kadın,22403.0,17875,16556.0,704.0,3,Evet,Evet,Internet,32,Ankara,2021-06-24,3.8
M4037,78,Erkek,16540.0,7222,12064.0,677.0,2,Evet,Hayır,Şube,7,İstanbul,2010-04-02,2.8
M3022,45,Kadın,27942.0,19094,136277.0,788.0,3,Evet,Evet,Mobil,23,İstanbul,2010-12-14,3.6
M4018,73,Erkek,11449.0,3747,65943.0,694.0,1,Evet,Evet,Internet,4,İstanbul,2008-04-26,3.9
M2060,42,Erkek,21850.0,19091,39468.0,694.0,3,Evet,Evet,Mobil,25,İstanbul,2021-04-07,3.4
M2041,39,Kadın,15128.0,10546,50795.0,781.0,3,Evet,Hayır,Mobil,36,Ankara,2018-07-06,2.9
M2062,37,Kadın,21365.0,8503,50779.0,631.0,5,Evet,Hayır,Mobil,36,İstanbul,2021-06-26,3.9
M2010,42,Kadın,21666.0,11520,,756.0,2,Evet,Evet,Mobil,33,İzmir,2021-09-19,5.0
M1088,30,Erkek,4884.0,8081,10014.0,567.0,3,Evet,Evet,Mobil,51,Ankara,2022-03-01,2.6
M3045,64,Kadın,21234.0,23098,118231.0,732.0,4,Evet,Evet,Şube,25,İzmir,2010-01-25,4.8
M2032,37,Kadın,22499.0,9601,39417.0,594.0,4,Evet,Hayır,Mobil,29,İstanbul,2019-05-15,3.9
M4060,79,Kadın,14340.0,5126,89376.0,738.0,1,Hayır,Evet,ATM,8,İzmir,2007-04-25,3.1
M1021,28,Erkek,11120.0,6692,,503.0,1,Evet,Hayır,Mobil,61,Bursa,2023-01-12,4.3
M3019,53,Erkek,46902.0,7208,113424.0,739.0,4,Evet,Evet,Şube,27,İzmir,2013-05-19,4.6
M1072,22,Kadın,4132.0,4688,1788.0,620.0,3,Evet,Evet,Mobil,72,İstanbul,2023-12-25,3.4
M2017,41,Erkek,22910.0,8371,60088.0,700.0,3,Evet,Hayır,ATM,34,İstanbul,2020-02-22,2.9
M4031,79,Erkek,11803.0,5491,77288.0,763.0,1,Evet,Hayır,Şube,11,İzmir,2008-08-24,4.0
M2013,39,Kadın,13024.0,9921,24223.0,724.0,4,Evet,Hayır,Mobil,23,Ankara,2018-09-03,5.0
